City,Country,Latitude,Longitude,Elevation,by_the_water
Albuquerque,United States,35.084492,-106.651138,1619,0
Atlanta,United States,33.749001,-84.387978,320,0
Beersheba,Israel,31.25181,34.791302,260,0
Boston,United States,42.358429,-71.059769,43,1
Charlotte,United States,35.227089,-80.843132,232,0
Chicago,United States,41.850029,-87.650047,181,1
Dallas,United States,32.783058,-96.806671,131,0
Denver,United States,39.739151,-104.984703,1610,0
Detroit,United States,42.331429,-83.045753,200,1
Eilat,Israel,29.55805,34.948212,600,1
Haifa,Israel,32.815559,34.98917,257,1
Houston,United States,29.763281,-95.363274,24,1
Indianapolis,United States,39.768379,-86.158043,218,0
Jacksonville,United States,30.33218,-81.655647,5,1
Jerusalem,Israel,31.769039,35.216331,750,0
Kansas City,United States,39.099731,-94.578568,277,0
Las Vegas,United States,36.174969,-115.137222,610,0
Los Angeles,United States,34.052231,-118.243683,87,1
Miami,United States,25.774269,-80.193657,2,1
Minneapolis,United States,44.979969,-93.26384,253,0
Montreal,Canada,45.508839,-73.587807,232,1
Nahariyya,Israel,33.005859,35.09409,1,1
Nashville,United States,36.16589,-86.784439,182,0
New York,United States,40.714272,-74.005966,10,1
Philadelphia,United States,39.952339,-75.163788,12,0
Phoenix,United States,33.44838,-112.074043,331,0
Pittsburgh,United States,40.44062,-79.995888,320,0
Portland,United States,45.523449,-122.676208,15,1
Saint Louis,United States,38.62727,-90.197891,142,0
San Antonio,United States,29.42412,-98.493629,198,0
San Diego,United States,32.715328,-117.157257,19,1
San Francisco,United States,37.774929,-122.419418,16,1
Seattle,United States,47.606209,-122.332069,60,1
Tel Aviv District,Israel,32.083328,34.799999,5,1
Toronto,Canada,43.700111,-79.416298,76,1
Vancouver,Canada,49.24966,-123.119339,60,1
